{
  "Get characters" : {
    "transaction" : "Get characters",
    "sampleCount" : 147889,
    "errorCount" : 74167,
    "errorPct" : 50.15045,
    "meanResTime" : 2049.917012083397,
    "medianResTime" : 1052.0,
    "minResTime" : 0.0,
    "maxResTime" : 138090.0,
    "pct1ResTime" : 2650.9000000000015,
    "pct2ResTime" : 3385.9500000000007,
    "pct3ResTime" : 8638.0,
    "throughput" : 671.3530199514266,
    "receivedKBytesPerSec" : 39811.93441521779,
    "sentKBytesPerSec" : 41.17966143291645
  },
  "Create  character" : {
    "transaction" : "Create  character",
    "sampleCount" : 146406,
    "errorCount" : 73215,
    "errorPct" : 50.008198,
    "meanResTime" : 1798.1781006242784,
    "medianResTime" : 1020.5,
    "minResTime" : 0.0,
    "maxResTime" : 102332.0,
    "pct1ResTime" : 2482.0,
    "pct2ResTime" : 3141.7000000000044,
    "pct3ResTime" : 6045.850000000024,
    "throughput" : 659.6558575850556,
    "receivedKBytesPerSec" : 920.9031059635807,
    "sentKBytesPerSec" : 72.78212163427095
  },
  "Total" : {
    "transaction" : "Total",
    "sampleCount" : 725186,
    "errorCount" : 359025,
    "errorPct" : 49.507988,
    "meanResTime" : 1712.7061278071865,
    "medianResTime" : 1211.0,
    "minResTime" : 0.0,
    "maxResTime" : 138276.0,
    "pct1ResTime" : 2780.0,
    "pct2ResTime" : 3436.0,
    "pct3ResTime" : 17165.99,
    "throughput" : 3142.0673399798093,
    "receivedKBytesPerSec" : 41450.42030788965,
    "sentKBytesPerSec" : 284.6659017965849
  },
  "Update character" : {
    "transaction" : "Update character",
    "sampleCount" : 145014,
    "errorCount" : 71810,
    "errorPct" : 49.519356,
    "meanResTime" : 1649.5924462465669,
    "medianResTime" : 1021.0,
    "minResTime" : 0.0,
    "maxResTime" : 138276.0,
    "pct1ResTime" : 2466.0,
    "pct2ResTime" : 3065.0,
    "pct3ResTime" : 5880.0,
    "throughput" : 628.4981211887437,
    "receivedKBytesPerSec" : 871.5906676091423,
    "sentKBytesPerSec" : 70.33229103913214
  },
  "Delete character by ID" : {
    "transaction" : "Delete character by ID",
    "sampleCount" : 142260,
    "errorCount" : 69209,
    "errorPct" : 48.649654,
    "meanResTime" : 1499.3572824406285,
    "medianResTime" : 1022.0,
    "minResTime" : 0.0,
    "maxResTime" : 102333.0,
    "pct1ResTime" : 2493.0,
    "pct2ResTime" : 3199.0,
    "pct3ResTime" : 6020.970000000005,
    "throughput" : 645.8701268041098,
    "receivedKBytesPerSec" : 877.893557600415,
    "sentKBytesPerSec" : 68.98715029413968
  },
  "Get character by ID" : {
    "transaction" : "Get character by ID",
    "sampleCount" : 143617,
    "errorCount" : 70624,
    "errorPct" : 49.175236,
    "meanResTime" : 1553.3934005027304,
    "medianResTime" : 1023.0,
    "minResTime" : 0.0,
    "maxResTime" : 102332.0,
    "pct1ResTime" : 2488.9000000000015,
    "pct2ResTime" : 3203.9500000000007,
    "pct3ResTime" : 7447.0,
    "throughput" : 662.6142482110149,
    "receivedKBytesPerSec" : 913.0024347672128,
    "sentKBytesPerSec" : 41.76763620249558
  }
}