{
  "Get characters" : {
    "transaction" : "Get characters",
    "sampleCount" : 68106,
    "errorCount" : 6291,
    "errorPct" : 9.237072,
    "meanResTime" : 1643.9177458667293,
    "medianResTime" : 151.0,
    "minResTime" : 0.0,
    "maxResTime" : 102226.0,
    "pct1ResTime" : 10002.0,
    "pct2ResTime" : 10019.0,
    "pct3ResTime" : 56733.220000000125,
    "throughput" : 642.6852629492975,
    "receivedKBytesPerSec" : 5721.993811986298,
    "sentKBytesPerSec" : 71.77569880556945
  },
  "Create  character" : {
    "transaction" : "Create  character",
    "sampleCount" : 64523,
    "errorCount" : 3869,
    "errorPct" : 5.996311,
    "meanResTime" : 823.1909396649241,
    "medianResTime" : 146.0,
    "minResTime" : 0.0,
    "maxResTime" : 70013.0,
    "pct1ResTime" : 166.0,
    "pct2ResTime" : 178.0,
    "pct3ResTime" : 317.950000000008,
    "throughput" : 776.7585202306572,
    "receivedKBytesPerSec" : 306.01811592976156,
    "sentKBytesPerSec" : 161.1533743092925
  },
  "Total" : {
    "transaction" : "Total",
    "sampleCount" : 324324,
    "errorCount" : 20892,
    "errorPct" : 6.4417067,
    "meanResTime" : 940.9268139268127,
    "medianResTime" : 167.0,
    "minResTime" : 0.0,
    "maxResTime" : 102226.0,
    "pct1ResTime" : 10006.0,
    "pct2ResTime" : 12654.0,
    "pct3ResTime" : 57577.3800000001,
    "throughput" : 3060.4976833284577,
    "receivedKBytesPerSec" : 6649.002476208113,
    "sentKBytesPerSec" : 513.3199674763614
  },
  "Update character" : {
    "transaction" : "Update character",
    "sampleCount" : 64194,
    "errorCount" : 3749,
    "errorPct" : 5.84011,
    "meanResTime" : 766.3541452472199,
    "medianResTime" : 146.0,
    "minResTime" : 0.0,
    "maxResTime" : 51009.0,
    "pct1ResTime" : 166.0,
    "pct2ResTime" : 179.0,
    "pct3ResTime" : 10002.0,
    "throughput" : 851.8764265619194,
    "receivedKBytesPerSec" : 332.3029291794947,
    "sentKBytesPerSec" : 177.81502084688015
  },
  "Delete character by ID" : {
    "transaction" : "Delete character by ID",
    "sampleCount" : 63570,
    "errorCount" : 3346,
    "errorPct" : 5.2634892,
    "meanResTime" : 694.7085417649796,
    "medianResTime" : 151.0,
    "minResTime" : 0.0,
    "maxResTime" : 30036.0,
    "pct1ResTime" : 10002.0,
    "pct2ResTime" : 10012.0,
    "pct3ResTime" : 17207.400000000096,
    "throughput" : 868.086849651782,
    "receivedKBytesPerSec" : 314.84853746330054,
    "sentKBytesPerSec" : 171.06462515362554
  },
  "Get character by ID" : {
    "transaction" : "Get character by ID",
    "sampleCount" : 63931,
    "errorCount" : 3637,
    "errorPct" : 5.688946,
    "meanResTime" : 730.9720949148306,
    "medianResTime" : 149.0,
    "minResTime" : 0.0,
    "maxResTime" : 30484.0,
    "pct1ResTime" : 10001.0,
    "pct2ResTime" : 10004.0,
    "pct3ResTime" : 12001.0,
    "throughput" : 783.1706092048364,
    "receivedKBytesPerSec" : 302.80959917953965,
    "sentKBytesPerSec" : 91.60575198913403
  }
}