{
  "Get characters" : {
    "transaction" : "Get characters",
    "sampleCount" : 16000,
    "errorCount" : 1282,
    "errorPct" : 8.0125,
    "meanResTime" : 15027.500375000016,
    "medianResTime" : 14.0,
    "minResTime" : 0.0,
    "maxResTime" : 132152.0,
    "pct1ResTime" : 63651.9,
    "pct2ResTime" : 127001.0,
    "pct3ResTime" : 127008.0,
    "throughput" : 102.54175372034301,
    "receivedKBytesPerSec" : 117.32221748344912,
    "sentKBytesPerSec" : 11.692426109854264
  },
  "Create  character" : {
    "transaction" : "Create  character",
    "sampleCount" : 16000,
    "errorCount" : 0,
    "errorPct" : 0.0,
    "meanResTime" : 814.8256875000019,
    "medianResTime" : 14.0,
    "minResTime" : 1.0,
    "maxResTime" : 28034.0,
    "pct1ResTime" : 1458.5999999999913,
    "pct2ResTime" : 6240.949999999999,
    "pct3ResTime" : 15839.869999999997,
    "throughput" : 102.56607498862158,
    "receivedKBytesPerSec" : 26.442816208003997,
    "sentKBytesPerSec" : 22.63665326897312
  },
  "Total" : {
    "transaction" : "Total",
    "sampleCount" : 80000,
    "errorCount" : 1282,
    "errorPct" : 1.6025,
    "meanResTime" : 3177.7413750000296,
    "medianResTime" : 13.0,
    "minResTime" : 0.0,
    "maxResTime" : 132152.0,
    "pct1ResTime" : 28.0,
    "pct2ResTime" : 4394.250000000011,
    "pct3ResTime" : 16230.860000000022,
    "throughput" : 512.6890540886952,
    "receivedKBytesPerSec" : 221.55780493983914,
    "sentKBytesPerSec" : 91.09869915165983
  },
  "Update character" : {
    "transaction" : "Update character",
    "sampleCount" : 16000,
    "errorCount" : 0,
    "errorPct" : 0.0,
    "meanResTime" : 16.01012500000013,
    "medianResTime" : 14.0,
    "minResTime" : 1.0,
    "maxResTime" : 87.0,
    "pct1ResTime" : 26.0,
    "pct2ResTime" : 30.0,
    "pct3ResTime" : 58.0,
    "throughput" : 102.57330786096189,
    "receivedKBytesPerSec" : 26.444680932904237,
    "sentKBytesPerSec" : 22.738418832459324
  },
  "Delete character by ID" : {
    "transaction" : "Delete character by ID",
    "sampleCount" : 16000,
    "errorCount" : 0,
    "errorPct" : 0.0,
    "meanResTime" : 15.333687499999957,
    "medianResTime" : 14.0,
    "minResTime" : 0.0,
    "maxResTime" : 88.0,
    "pct1ResTime" : 19.0,
    "pct2ResTime" : 30.0,
    "pct3ResTime" : 53.0,
    "throughput" : 102.59172341271368,
    "receivedKBytesPerSec" : 24.946620243911823,
    "sentKBytesPerSec" : 21.339879967683608
  },
  "Get character by ID" : {
    "transaction" : "Get character by ID",
    "sampleCount" : 16000,
    "errorCount" : 0,
    "errorPct" : 0.0,
    "meanResTime" : 15.036999999999995,
    "medianResTime" : 13.0,
    "minResTime" : 0.0,
    "maxResTime" : 88.0,
    "pct1ResTime" : 18.899999999999636,
    "pct2ResTime" : 30.0,
    "pct3ResTime" : 55.0,
    "throughput" : 102.5765958674454,
    "receivedKBytesPerSec" : 26.445528622075766,
    "sentKBytesPerSec" : 12.721902026528873
  }
}