{
  "Get characters" : {
    "transaction" : "Get characters",
    "sampleCount" : 8033,
    "errorCount" : 0,
    "errorPct" : 0.0,
    "meanResTime" : 3212.2838292045285,
    "medianResTime" : 167.0,
    "minResTime" : 4.0,
    "maxResTime" : 31039.0,
    "pct1ResTime" : 16140.800000000057,
    "pct2ResTime" : 29700.6,
    "pct3ResTime" : 31004.0,
    "throughput" : 243.82322588478118,
    "receivedKBytesPerSec" : 2182.8116641151432,
    "sentKBytesPerSec" : 30.001685997541433
  },
  "Create  character" : {
    "transaction" : "Create  character",
    "sampleCount" : 7247,
    "errorCount" : 0,
    "errorPct" : 0.0,
    "meanResTime" : 150.92369256243947,
    "medianResTime" : 157.0,
    "minResTime" : 6.0,
    "maxResTime" : 453.0,
    "pct1ResTime" : 212.19999999999982,
    "pct2ResTime" : 221.0,
    "pct3ResTime" : 281.5199999999995,
    "throughput" : 240.245317420852,
    "receivedKBytesPerSec" : 61.938245897563405,
    "sentKBytesPerSec" : 53.02289232139898
  },
  "Total" : {
    "transaction" : "Total",
    "sampleCount" : 36698,
    "errorCount" : 0,
    "errorPct" : 0.0,
    "meanResTime" : 819.6642051337923,
    "medianResTime" : 191.0,
    "minResTime" : 4.0,
    "maxResTime" : 31039.0,
    "pct1ResTime" : 222.0,
    "pct2ResTime" : 235.0,
    "pct3ResTime" : 31002.0,
    "throughput" : 1113.8833242275239,
    "receivedKBytesPerSec" : 2403.973014079858,
    "sentKBytesPerSec" : 198.55964589783284
  },
  "Update character" : {
    "transaction" : "Update character",
    "sampleCount" : 7192,
    "errorCount" : 0,
    "errorPct" : 0.0,
    "meanResTime" : 148.28184093437133,
    "medianResTime" : 154.0,
    "minResTime" : 4.0,
    "maxResTime" : 239.0,
    "pct1ResTime" : 211.0,
    "pct2ResTime" : 219.0,
    "pct3ResTime" : 234.0,
    "throughput" : 238.52480764128418,
    "receivedKBytesPerSec" : 61.494676970018574,
    "sentKBytesPerSec" : 52.87610481891748
  },
  "Delete character by ID" : {
    "transaction" : "Delete character by ID",
    "sampleCount" : 7087,
    "errorCount" : 0,
    "errorPct" : 0.0,
    "meanResTime" : 149.013263722309,
    "medianResTime" : 155.0,
    "minResTime" : 5.0,
    "maxResTime" : 239.0,
    "pct1ResTime" : 211.0,
    "pct2ResTime" : 220.0,
    "pct3ResTime" : 234.0,
    "throughput" : 235.11262979796305,
    "receivedKBytesPerSec" : 57.17094220673125,
    "sentKBytesPerSec" : 48.90526381539661
  },
  "Get character by ID" : {
    "transaction" : "Get character by ID",
    "sampleCount" : 7139,
    "errorCount" : 0,
    "errorPct" : 0.0,
    "meanResTime" : 148.4125227622914,
    "medianResTime" : 155.0,
    "minResTime" : 4.0,
    "maxResTime" : 239.0,
    "pct1ResTime" : 211.0,
    "pct2ResTime" : 220.0,
    "pct3ResTime" : 234.0,
    "throughput" : 236.83774010549712,
    "receivedKBytesPerSec" : 61.05972987094848,
    "sentKBytesPerSec" : 29.373430657615366
  }
}