{
  "Get characters" : {
    "transaction" : "Get characters",
    "sampleCount" : 2000,
    "errorCount" : 0,
    "errorPct" : 0.0,
    "meanResTime" : 2019.8125000000011,
    "medianResTime" : 25.0,
    "minResTime" : 2.0,
    "maxResTime" : 12014.0,
    "pct1ResTime" : 6371.200000000001,
    "pct2ResTime" : 7031.499999999998,
    "pct3ResTime" : 7581.92,
    "throughput" : 154.21389467190994,
    "receivedKBytesPerSec" : 62.461597125838544,
    "sentKBytesPerSec" : 18.97553782095767
  },
  "Create  character" : {
    "transaction" : "Create  character",
    "sampleCount" : 2000,
    "errorCount" : 0,
    "errorPct" : 0.0,
    "meanResTime" : 8.73750000000001,
    "medianResTime" : 8.0,
    "minResTime" : 2.0,
    "maxResTime" : 47.0,
    "pct1ResTime" : 12.0,
    "pct2ResTime" : 16.0,
    "pct3ResTime" : 23.0,
    "throughput" : 154.59534668006495,
    "receivedKBytesPerSec" : 39.85661281595424,
    "sentKBytesPerSec" : 34.11967612274871
  },
  "Total" : {
    "transaction" : "Total",
    "sampleCount" : 10000,
    "errorCount" : 0,
    "errorPct" : 0.0,
    "meanResTime" : 410.53470000000044,
    "medianResTime" : 8.0,
    "minResTime" : 1.0,
    "maxResTime" : 12014.0,
    "pct1ResTime" : 41.79999999999927,
    "pct2ResTime" : 4011.6499999999924,
    "pct3ResTime" : 7031.899999999998,
    "throughput" : 770.7723138584862,
    "receivedKBytesPerSec" : 219.15119301102203,
    "sentKBytesPerSec" : 138.34760867889625
  },
  "Update character" : {
    "transaction" : "Update character",
    "sampleCount" : 2000,
    "errorCount" : 0,
    "errorPct" : 0.0,
    "meanResTime" : 8.066500000000001,
    "medianResTime" : 7.0,
    "minResTime" : 1.0,
    "maxResTime" : 28.0,
    "pct1ResTime" : 10.0,
    "pct2ResTime" : 11.949999999999818,
    "pct3ResTime" : 22.0,
    "throughput" : 154.66707911221098,
    "receivedKBytesPerSec" : 39.87510633361689,
    "sentKBytesPerSec" : 34.28654976413271
  },
  "Delete character by ID" : {
    "transaction" : "Delete character by ID",
    "sampleCount" : 2000,
    "errorCount" : 0,
    "errorPct" : 0.0,
    "meanResTime" : 8.247500000000013,
    "medianResTime" : 8.0,
    "minResTime" : 1.0,
    "maxResTime" : 31.0,
    "pct1ResTime" : 10.0,
    "pct2ResTime" : 12.0,
    "pct3ResTime" : 22.0,
    "throughput" : 154.78678120888475,
    "receivedKBytesPerSec" : 37.63858254005108,
    "sentKBytesPerSec" : 32.19685976317623
  },
  "Get character by ID" : {
    "transaction" : "Get character by ID",
    "sampleCount" : 2000,
    "errorCount" : 0,
    "errorPct" : 0.0,
    "meanResTime" : 7.809499999999984,
    "medianResTime" : 7.0,
    "minResTime" : 1.0,
    "maxResTime" : 28.0,
    "pct1ResTime" : 9.0,
    "pct2ResTime" : 11.949999999999818,
    "pct3ResTime" : 21.0,
    "throughput" : 154.7508511296812,
    "receivedKBytesPerSec" : 39.89670380687094,
    "sentKBytesPerSec" : 19.192732513153825
  }
}