{
  "Get characters" : {
    "transaction" : "Get characters",
    "sampleCount" : 100,
    "errorCount" : 0,
    "errorPct" : 0.0,
    "meanResTime" : 5.659999999999999,
    "medianResTime" : 2.0,
    "minResTime" : 1.0,
    "maxResTime" : 50.0,
    "pct1ResTime" : 19.900000000000006,
    "pct2ResTime" : 31.899999999999977,
    "pct3ResTime" : 49.949999999999974,
    "throughput" : 104.9317943336831,
    "receivedKBytesPerSec" : 25.17440811909759,
    "sentKBytesPerSec" : 12.911529380902413
  },
  "Create  character" : {
    "transaction" : "Create  character",
    "sampleCount" : 100,
    "errorCount" : 0,
    "errorPct" : 0.0,
    "meanResTime" : 2.0500000000000003,
    "medianResTime" : 1.0,
    "minResTime" : 1.0,
    "maxResTime" : 11.0,
    "pct1ResTime" : 5.900000000000006,
    "pct2ResTime" : 9.0,
    "pct3ResTime" : 10.989999999999995,
    "throughput" : 107.06638115631692,
    "receivedKBytesPerSec" : 27.603051391862955,
    "sentKBytesPerSec" : 23.629884903640257
  },
  "Total" : {
    "transaction" : "Total",
    "sampleCount" : 500,
    "errorCount" : 0,
    "errorPct" : 0.0,
    "meanResTime" : 2.458000000000002,
    "medianResTime" : 1.0,
    "minResTime" : 0.0,
    "maxResTime" : 50.0,
    "pct1ResTime" : 4.0,
    "pct2ResTime" : 7.0,
    "pct3ResTime" : 31.980000000000018,
    "throughput" : 521.376433785193,
    "receivedKBytesPerSec" : 131.0233234489051,
    "sentKBytesPerSec" : 93.58299661105319
  },
  "Update character" : {
    "transaction" : "Update character",
    "sampleCount" : 100,
    "errorCount" : 0,
    "errorPct" : 0.0,
    "meanResTime" : 1.7900000000000003,
    "medianResTime" : 1.0,
    "minResTime" : 1.0,
    "maxResTime" : 11.0,
    "pct1ResTime" : 4.0,
    "pct2ResTime" : 5.0,
    "pct3ResTime" : 11.0,
    "throughput" : 107.87486515641856,
    "receivedKBytesPerSec" : 27.811488673139156,
    "sentKBytesPerSec" : 23.9136663969795
  },
  "Delete character by ID" : {
    "transaction" : "Delete character by ID",
    "sampleCount" : 100,
    "errorCount" : 0,
    "errorPct" : 0.0,
    "meanResTime" : 1.5999999999999999,
    "medianResTime" : 1.0,
    "minResTime" : 0.0,
    "maxResTime" : 8.0,
    "pct1ResTime" : 3.9000000000000057,
    "pct2ResTime" : 5.0,
    "pct3ResTime" : 7.989999999999995,
    "throughput" : 109.52902519167579,
    "receivedKBytesPerSec" : 26.633522727272727,
    "sentKBytesPerSec" : 22.782892935377873
  },
  "Get character by ID" : {
    "transaction" : "Get character by ID",
    "sampleCount" : 100,
    "errorCount" : 0,
    "errorPct" : 0.0,
    "meanResTime" : 1.1900000000000004,
    "medianResTime" : 1.0,
    "minResTime" : 0.0,
    "maxResTime" : 7.0,
    "pct1ResTime" : 3.0,
    "pct2ResTime" : 4.0,
    "pct3ResTime" : 6.989999999999995,
    "throughput" : 108.8139281828074,
    "receivedKBytesPerSec" : 28.05359085963003,
    "sentKBytesPerSec" : 13.495477421109902
  }
}